"movielink","url_movie","url_synopsis","title","year"
"/title/tt6751668/?ref_=ttls_li_tt","https://www.imdb.com/title/tt6751668/","https://www.imdb.com/title/tt6751668/plotsummary/","Parasite","2019"
"/title/tt1950186/?ref_=ttls_li_tt","https://www.imdb.com/title/tt1950186/","https://www.imdb.com/title/tt1950186/plotsummary/","Le Mans '66","2019"
"/title/tt7286456/?ref_=ttls_li_tt","https://www.imdb.com/title/tt7286456/","https://www.imdb.com/title/tt7286456/plotsummary/","Joker","2019"
"/title/tt7653254/?ref_=ttls_li_tt","https://www.imdb.com/title/tt7653254/","https://www.imdb.com/title/tt7653254/plotsummary/","Marriage Story","2019"
"/title/tt1302006/?ref_=ttls_li_tt","https://www.imdb.com/title/tt1302006/","https://www.imdb.com/title/tt1302006/plotsummary/","The Irishman","2019"
"/title/tt8579674/?ref_=ttls_li_tt","https://www.imdb.com/title/tt8579674/","https://www.imdb.com/title/tt8579674/plotsummary/","1917","2019"
"/title/tt2584384/?ref_=ttls_li_tt","https://www.imdb.com/title/tt2584384/","https://www.imdb.com/title/tt2584384/plotsummary/","Jojo Rabbit","2019"
"/title/tt3281548/?ref_=ttls_li_tt","https://www.imdb.com/title/tt3281548/","https://www.imdb.com/title/tt3281548/plotsummary/","Little Women","2019"
"/title/tt7131622/?ref_=ttls_li_tt","https://www.imdb.com/title/tt7131622/","https://www.imdb.com/title/tt7131622/plotsummary/","Once Upon a Time... In Hollywood","2019"
"/title/tt6966692/?ref_=ttls_li_tt","https://www.imdb.com/title/tt6966692/","https://www.imdb.com/title/tt6966692/plotsummary/","Green Book","2018"
"/title/tt1825683/?ref_=ttls_li_tt","https://www.imdb.com/title/tt1825683/","https://www.imdb.com/title/tt1825683/plotsummary/","Black Panther","2018"
"/title/tt7349662/?ref_=ttls_li_tt","https://www.imdb.com/title/tt7349662/","https://www.imdb.com/title/tt7349662/plotsummary/","BlacKkKlansman","2018"
"/title/tt1727824/?ref_=ttls_li_tt","https://www.imdb.com/title/tt1727824/","https://www.imdb.com/title/tt1727824/plotsummary/","Bohemian Rhapsody","2018"
"/title/tt5083738/?ref_=ttls_li_tt","https://www.imdb.com/title/tt5083738/","https://www.imdb.com/title/tt5083738/plotsummary/","The Favourite","2018"
"/title/tt6155172/?ref_=ttls_li_tt","https://www.imdb.com/title/tt6155172/","https://www.imdb.com/title/tt6155172/plotsummary/","Roma","2018"
"/title/tt1517451/?ref_=ttls_li_tt","https://www.imdb.com/title/tt1517451/","https://www.imdb.com/title/tt1517451/plotsummary/","A Star Is Born","2018"
"/title/tt6266538/?ref_=ttls_li_tt","https://www.imdb.com/title/tt6266538/","https://www.imdb.com/title/tt6266538/plotsummary/","Vice","2018"
"/title/tt5580390/?ref_=ttls_li_tt","https://www.imdb.com/title/tt5580390/","https://www.imdb.com/title/tt5580390/plotsummary/","The Shape of Water","2017"
"/title/tt5013056/?ref_=ttls_li_tt","https://www.imdb.com/title/tt5013056/","https://www.imdb.com/title/tt5013056/plotsummary/","Dunkirk","2017"
"/title/tt5027774/?ref_=ttls_li_tt","https://www.imdb.com/title/tt5027774/","https://www.imdb.com/title/tt5027774/plotsummary/","Three Billboards Outside Ebbing, Missouri","2017"
"/title/tt4925292/?ref_=ttls_li_tt","https://www.imdb.com/title/tt4925292/","https://www.imdb.com/title/tt4925292/plotsummary/","Lady Bird","2017"
"/title/tt6294822/?ref_=ttls_li_tt","https://www.imdb.com/title/tt6294822/","https://www.imdb.com/title/tt6294822/plotsummary/","The Post","2017"
"/title/tt5052448/?ref_=ttls_li_tt","https://www.imdb.com/title/tt5052448/","https://www.imdb.com/title/tt5052448/plotsummary/","Get Out","2017"
"/title/tt5726616/?ref_=ttls_li_tt","https://www.imdb.com/title/tt5726616/","https://www.imdb.com/title/tt5726616/plotsummary/","Call Me by Your Name","2017"
"/title/tt4555426/?ref_=ttls_li_tt","https://www.imdb.com/title/tt4555426/","https://www.imdb.com/title/tt4555426/plotsummary/","Darkest Hour","2017"
"/title/tt5294550/?ref_=ttls_li_tt","https://www.imdb.com/title/tt5294550/","https://www.imdb.com/title/tt5294550/plotsummary/","All the Money in the World","2017"
"/title/tt4975722/?ref_=ttls_li_tt","https://www.imdb.com/title/tt4975722/","https://www.imdb.com/title/tt4975722/plotsummary/","Moonlight","2016"
"/title/tt2543164/?ref_=ttls_li_tt","https://www.imdb.com/title/tt2543164/","https://www.imdb.com/title/tt2543164/plotsummary/","Arrival","2016"
"/title/tt2671706/?ref_=ttls_li_tt","https://www.imdb.com/title/tt2671706/","https://www.imdb.com/title/tt2671706/plotsummary/","Fences","2016"
"/title/tt2119532/?ref_=ttls_li_tt","https://www.imdb.com/title/tt2119532/","https://www.imdb.com/title/tt2119532/plotsummary/","Hacksaw Ridge","2016"
"/title/tt2582782/?ref_=ttls_li_tt","https://www.imdb.com/title/tt2582782/","https://www.imdb.com/title/tt2582782/plotsummary/","Hell or High Water","2016"
"/title/tt4846340/?ref_=ttls_li_tt","https://www.imdb.com/title/tt4846340/","https://www.imdb.com/title/tt4846340/plotsummary/","Hidden Figures","2016"
"/title/tt3783958/?ref_=ttls_li_tt","https://www.imdb.com/title/tt3783958/","https://www.imdb.com/title/tt3783958/plotsummary/","La La Land","2016"
"/title/tt3741834/?ref_=ttls_li_tt","https://www.imdb.com/title/tt3741834/","https://www.imdb.com/title/tt3741834/plotsummary/","Lion","2016"
"/title/tt4034228/?ref_=ttls_li_tt","https://www.imdb.com/title/tt4034228/","https://www.imdb.com/title/tt4034228/plotsummary/","Manchester by the Sea","2016"
"/title/tt1895587/?ref_=ttls_li_tt","https://www.imdb.com/title/tt1895587/","https://www.imdb.com/title/tt1895587/plotsummary/","Spotlight","2015"
"/title/tt1596363/?ref_=ttls_li_tt","https://www.imdb.com/title/tt1596363/","https://www.imdb.com/title/tt1596363/plotsummary/","The Big Short","2015"
"/title/tt3682448/?ref_=ttls_li_tt","https://www.imdb.com/title/tt3682448/","https://www.imdb.com/title/tt3682448/plotsummary/","Bridge of Spies","2015"
"/title/tt2381111/?ref_=ttls_li_tt","https://www.imdb.com/title/tt2381111/","https://www.imdb.com/title/tt2381111/plotsummary/","Brooklyn","2015"
"/title/tt1392190/?ref_=ttls_li_tt","https://www.imdb.com/title/tt1392190/","https://www.imdb.com/title/tt1392190/plotsummary/","Mad Max: Fury Road","2015"
"/title/tt3659388/?ref_=ttls_li_tt","https://www.imdb.com/title/tt3659388/","https://www.imdb.com/title/tt3659388/plotsummary/","The Martian","2015"
"/title/tt1663202/?ref_=ttls_li_tt","https://www.imdb.com/title/tt1663202/","https://www.imdb.com/title/tt1663202/plotsummary/","The Revenant","2015"
"/title/tt3170832/?ref_=ttls_li_tt","https://www.imdb.com/title/tt3170832/","https://www.imdb.com/title/tt3170832/plotsummary/","Room","2015"
"/title/tt2562232/?ref_=ttls_li_tt","https://www.imdb.com/title/tt2562232/","https://www.imdb.com/title/tt2562232/plotsummary/","Birdman or (The Unexpected Virtue of Ignorance)","2014"
"/title/tt2179136/?ref_=ttls_li_tt","https://www.imdb.com/title/tt2179136/","https://www.imdb.com/title/tt2179136/plotsummary/","American Sniper","2014"
"/title/tt1065073/?ref_=ttls_li_tt","https://www.imdb.com/title/tt1065073/","https://www.imdb.com/title/tt1065073/plotsummary/","Boyhood","2014"
"/title/tt2084970/?ref_=ttls_li_tt","https://www.imdb.com/title/tt2084970/","https://www.imdb.com/title/tt2084970/plotsummary/","The Imitation Game","2014"
"/title/tt2278388/?ref_=ttls_li_tt","https://www.imdb.com/title/tt2278388/","https://www.imdb.com/title/tt2278388/plotsummary/","The Grand Budapest Hotel","2014"
"/title/tt1020072/?ref_=ttls_li_tt","https://www.imdb.com/title/tt1020072/","https://www.imdb.com/title/tt1020072/plotsummary/","Selma","2014"
"/title/tt2980516/?ref_=ttls_li_tt","https://www.imdb.com/title/tt2980516/","https://www.imdb.com/title/tt2980516/plotsummary/","The Theory of Everything","2014"
"/title/tt2582802/?ref_=ttls_li_tt","https://www.imdb.com/title/tt2582802/","https://www.imdb.com/title/tt2582802/plotsummary/","Whiplash","2014"
"/title/tt2024544/?ref_=ttls_li_tt","https://www.imdb.com/title/tt2024544/","https://www.imdb.com/title/tt2024544/plotsummary/","12 Years a Slave","2013"
"/title/tt1800241/?ref_=ttls_li_tt","https://www.imdb.com/title/tt1800241/","https://www.imdb.com/title/tt1800241/plotsummary/","American Hustle","2013"
"/title/tt1535109/?ref_=ttls_li_tt","https://www.imdb.com/title/tt1535109/","https://www.imdb.com/title/tt1535109/plotsummary/","Captain Phillips","2013"
"/title/tt0790636/?ref_=ttls_li_tt","https://www.imdb.com/title/tt0790636/","https://www.imdb.com/title/tt0790636/plotsummary/","Dallas Buyers Club","2013"
"/title/tt1454468/?ref_=ttls_li_tt","https://www.imdb.com/title/tt1454468/","https://www.imdb.com/title/tt1454468/plotsummary/","Gravity","2013"
"/title/tt1798709/?ref_=ttls_li_tt","https://www.imdb.com/title/tt1798709/","https://www.imdb.com/title/tt1798709/plotsummary/","Her","2013"
"/title/tt1821549/?ref_=ttls_li_tt","https://www.imdb.com/title/tt1821549/","https://www.imdb.com/title/tt1821549/plotsummary/","Nebraska","2013"
"/title/tt2431286/?ref_=ttls_li_tt","https://www.imdb.com/title/tt2431286/","https://www.imdb.com/title/tt2431286/plotsummary/","Philomena","2013"
"/title/tt0993846/?ref_=ttls_li_tt","https://www.imdb.com/title/tt0993846/","https://www.imdb.com/title/tt0993846/plotsummary/","The Wolf of Wall Street","2013"
"/title/tt1024648/?ref_=ttls_li_tt","https://www.imdb.com/title/tt1024648/","https://www.imdb.com/title/tt1024648/plotsummary/","Argo","2012"
"/title/tt2125435/?ref_=ttls_li_tt","https://www.imdb.com/title/tt2125435/","https://www.imdb.com/title/tt2125435/plotsummary/","Beasts of the Southern Wild","2012"
"/title/tt1790885/?ref_=ttls_li_tt","https://www.imdb.com/title/tt1790885/","https://www.imdb.com/title/tt1790885/plotsummary/","Zero Dark Thirty","2012"
"/title/tt1602620/?ref_=ttls_li_tt","https://www.imdb.com/title/tt1602620/","https://www.imdb.com/title/tt1602620/plotsummary/","Amour","2012"
"/title/tt1045658/?ref_=ttls_li_tt","https://www.imdb.com/title/tt1045658/","https://www.imdb.com/title/tt1045658/plotsummary/","Silver Linings Playbook","2012"
"/title/tt0443272/?ref_=ttls_li_tt","https://www.imdb.com/title/tt0443272/","https://www.imdb.com/title/tt0443272/plotsummary/","Lincoln","2012"
"/title/tt0454876/?ref_=ttls_li_tt","https://www.imdb.com/title/tt0454876/","https://www.imdb.com/title/tt0454876/plotsummary/","Life of Pi","2012"
"/title/tt1707386/?ref_=ttls_li_tt","https://www.imdb.com/title/tt1707386/","https://www.imdb.com/title/tt1707386/plotsummary/","Les Mis√©rables","2012"
"/title/tt1853728/?ref_=ttls_li_tt","https://www.imdb.com/title/tt1853728/","https://www.imdb.com/title/tt1853728/plotsummary/","Django Unchained","2012"
"/title/tt1655442/?ref_=ttls_li_tt","https://www.imdb.com/title/tt1655442/","https://www.imdb.com/title/tt1655442/plotsummary/","The Artist","2011"
"/title/tt0478304/?ref_=ttls_li_tt","https://www.imdb.com/title/tt0478304/","https://www.imdb.com/title/tt0478304/plotsummary/","The Tree of Life","2011"
"/title/tt1033575/?ref_=ttls_li_tt","https://www.imdb.com/title/tt1033575/","https://www.imdb.com/title/tt1033575/plotsummary/","The Descendants","2011"
"/title/tt0477302/?ref_=ttls_li_tt","https://www.imdb.com/title/tt0477302/","https://www.imdb.com/title/tt0477302/plotsummary/","Extremely Loud & Incredibly Close","2011"
"/title/tt1454029/?ref_=ttls_li_tt","https://www.imdb.com/title/tt1454029/","https://www.imdb.com/title/tt1454029/plotsummary/","The Help","2011"
"/title/tt0970179/?ref_=ttls_li_tt","https://www.imdb.com/title/tt0970179/","https://www.imdb.com/title/tt0970179/plotsummary/","Hugo","2011"
"/title/tt1605783/?ref_=ttls_li_tt","https://www.imdb.com/title/tt1605783/","https://www.imdb.com/title/tt1605783/plotsummary/","Midnight in Paris","2011"
"/title/tt1210166/?ref_=ttls_li_tt","https://www.imdb.com/title/tt1210166/","https://www.imdb.com/title/tt1210166/plotsummary/","Moneyball","2011"
"/title/tt1568911/?ref_=ttls_li_tt","https://www.imdb.com/title/tt1568911/","https://www.imdb.com/title/tt1568911/plotsummary/","War Horse","2011"
"/title/tt1504320/?ref_=ttls_li_tt","https://www.imdb.com/title/tt1504320/","https://www.imdb.com/title/tt1504320/plotsummary/","The King's Speech","2010"
"/title/tt1542344/?ref_=ttls_li_tt","https://www.imdb.com/title/tt1542344/","https://www.imdb.com/title/tt1542344/plotsummary/","127 Hours","2010"
"/title/tt0947798/?ref_=ttls_li_tt","https://www.imdb.com/title/tt0947798/","https://www.imdb.com/title/tt0947798/plotsummary/","Black Swan","2010"
"/title/tt0964517/?ref_=ttls_li_tt","https://www.imdb.com/title/tt0964517/","https://www.imdb.com/title/tt0964517/plotsummary/","The Fighter","2010"
"/title/tt1375666/?ref_=ttls_li_tt","https://www.imdb.com/title/tt1375666/","https://www.imdb.com/title/tt1375666/plotsummary/","Inception","2010"
"/title/tt0842926/?ref_=ttls_li_tt","https://www.imdb.com/title/tt0842926/","https://www.imdb.com/title/tt0842926/plotsummary/","The Kids Are All Right","2010"
"/title/tt1285016/?ref_=ttls_li_tt","https://www.imdb.com/title/tt1285016/","https://www.imdb.com/title/tt1285016/plotsummary/","The Social Network","2010"
"/title/tt0435761/?ref_=ttls_li_tt","https://www.imdb.com/title/tt0435761/","https://www.imdb.com/title/tt0435761/plotsummary/","Toy Story 3","2010"
"/title/tt1403865/?ref_=ttls_li_tt","https://www.imdb.com/title/tt1403865/","https://www.imdb.com/title/tt1403865/plotsummary/","True Grit","2010"
"/title/tt0887912/?ref_=ttls_li_tt","https://www.imdb.com/title/tt0887912/","https://www.imdb.com/title/tt0887912/plotsummary/","The Hurt Locker","2008"
"/title/tt1019452/?ref_=ttls_li_tt","https://www.imdb.com/title/tt1019452/","https://www.imdb.com/title/tt1019452/plotsummary/","A Serious Man","2009"
"/title/tt1174732/?ref_=ttls_li_tt","https://www.imdb.com/title/tt1174732/","https://www.imdb.com/title/tt1174732/plotsummary/","An Education","2009"
"/title/tt0499549/?ref_=ttls_li_tt","https://www.imdb.com/title/tt0499549/","https://www.imdb.com/title/tt0499549/plotsummary/","Avatar","2009"
"/title/tt1136608/?ref_=ttls_li_tt","https://www.imdb.com/title/tt1136608/","https://www.imdb.com/title/tt1136608/plotsummary/","District 9","2009"
"/title/tt0361748/?ref_=ttls_li_tt","https://www.imdb.com/title/tt0361748/","https://www.imdb.com/title/tt0361748/plotsummary/","Inglourious Basterds","2009"
"/title/tt0929632/?ref_=ttls_li_tt","https://www.imdb.com/title/tt0929632/","https://www.imdb.com/title/tt0929632/plotsummary/","Precious","2009"
"/title/tt0878804/?ref_=ttls_li_tt","https://www.imdb.com/title/tt0878804/","https://www.imdb.com/title/tt0878804/plotsummary/","The Blind Side","2009"
"/title/tt1049413/?ref_=ttls_li_tt","https://www.imdb.com/title/tt1049413/","https://www.imdb.com/title/tt1049413/plotsummary/","Up","2009"
"/title/tt1193138/?ref_=ttls_li_tt","https://www.imdb.com/title/tt1193138/","https://www.imdb.com/title/tt1193138/plotsummary/","Up in the Air","2009"
"/title/tt1010048/?ref_=ttls_li_tt","https://www.imdb.com/title/tt1010048/","https://www.imdb.com/title/tt1010048/plotsummary/","Slumdog Millionaire","2008"
"/title/tt0421715/?ref_=ttls_li_tt","https://www.imdb.com/title/tt0421715/","https://www.imdb.com/title/tt0421715/plotsummary/","The Curious Case of Benjamin Button","2008"
"/title/tt0870111/?ref_=ttls_li_tt","https://www.imdb.com/title/tt0870111/","https://www.imdb.com/title/tt0870111/plotsummary/","Frost/Nixon","2008"
"/title/tt1013753/?ref_=ttls_li_tt","https://www.imdb.com/title/tt1013753/","https://www.imdb.com/title/tt1013753/plotsummary/","Milk","2008"
"/title/tt0976051/?ref_=ttls_li_tt","https://www.imdb.com/title/tt0976051/","https://www.imdb.com/title/tt0976051/plotsummary/","The Reader","2008"
"/title/tt0477348/?ref_=ttls_li_tt","https://www.imdb.com/title/tt0477348/","https://www.imdb.com/title/tt0477348/plotsummary/","No Country for Old Men","2007"
"/title/tt0783233/?ref_=ttls_li_tt","https://www.imdb.com/title/tt0783233/","https://www.imdb.com/title/tt0783233/plotsummary/","Atonement","2007"
"/title/tt0467406/?ref_=ttls_li_tt","https://www.imdb.com/title/tt0467406/","https://www.imdb.com/title/tt0467406/plotsummary/","Juno","2007"
"/title/tt0465538/?ref_=ttls_li_tt","https://www.imdb.com/title/tt0465538/","https://www.imdb.com/title/tt0465538/plotsummary/","Michael Clayton","2007"
"/title/tt0469494/?ref_=ttls_li_tt","https://www.imdb.com/title/tt0469494/","https://www.imdb.com/title/tt0469494/plotsummary/","There Will Be Blood","2007"
"/title/tt0407887/?ref_=ttls_li_tt","https://www.imdb.com/title/tt0407887/","https://www.imdb.com/title/tt0407887/plotsummary/","The Departed","2006"
"/title/tt0449467/?ref_=ttls_li_tt","https://www.imdb.com/title/tt0449467/","https://www.imdb.com/title/tt0449467/plotsummary/","Babel","2006"
"/title/tt0498380/?ref_=ttls_li_tt","https://www.imdb.com/title/tt0498380/","https://www.imdb.com/title/tt0498380/plotsummary/","Letters from Iwo Jima","2006"
"/title/tt0449059/?ref_=ttls_li_tt","https://www.imdb.com/title/tt0449059/","https://www.imdb.com/title/tt0449059/plotsummary/","Little Miss Sunshine","2006"
"/title/tt0436697/?ref_=ttls_li_tt","https://www.imdb.com/title/tt0436697/","https://www.imdb.com/title/tt0436697/plotsummary/","The Queen","2006"
"/title/tt0375679/?ref_=ttls_li_tt","https://www.imdb.com/title/tt0375679/","https://www.imdb.com/title/tt0375679/plotsummary/","Crash","2004"
"/title/tt0388795/?ref_=ttls_li_tt","https://www.imdb.com/title/tt0388795/","https://www.imdb.com/title/tt0388795/plotsummary/","Brokeback Mountain","2005"
"/title/tt0379725/?ref_=ttls_li_tt","https://www.imdb.com/title/tt0379725/","https://www.imdb.com/title/tt0379725/plotsummary/","Capote","2005"
"/title/tt0433383/?ref_=ttls_li_tt","https://www.imdb.com/title/tt0433383/","https://www.imdb.com/title/tt0433383/plotsummary/","Good Night, and Good Luck.","2005"
"/title/tt0408306/?ref_=ttls_li_tt","https://www.imdb.com/title/tt0408306/","https://www.imdb.com/title/tt0408306/plotsummary/","Munich","2005"
"/title/tt0405159/?ref_=ttls_li_tt","https://www.imdb.com/title/tt0405159/","https://www.imdb.com/title/tt0405159/plotsummary/","Million Dollar Baby","2004"
"/title/tt0338751/?ref_=ttls_li_tt","https://www.imdb.com/title/tt0338751/","https://www.imdb.com/title/tt0338751/plotsummary/","The Aviator","2004"
"/title/tt0308644/?ref_=ttls_li_tt","https://www.imdb.com/title/tt0308644/","https://www.imdb.com/title/tt0308644/plotsummary/","Finding Neverland","2004"
"/title/tt0350258/?ref_=ttls_li_tt","https://www.imdb.com/title/tt0350258/","https://www.imdb.com/title/tt0350258/plotsummary/","Ray","2004"
"/title/tt0375063/?ref_=ttls_li_tt","https://www.imdb.com/title/tt0375063/","https://www.imdb.com/title/tt0375063/plotsummary/","Sideways","2004"
"/title/tt0167260/?ref_=ttls_li_tt","https://www.imdb.com/title/tt0167260/","https://www.imdb.com/title/tt0167260/plotsummary/","The Lord of the Rings: The Return of the King","2003"
"/title/tt0335266/?ref_=ttls_li_tt","https://www.imdb.com/title/tt0335266/","https://www.imdb.com/title/tt0335266/plotsummary/","Lost in Translation","2003"
"/title/tt0311113/?ref_=ttls_li_tt","https://www.imdb.com/title/tt0311113/","https://www.imdb.com/title/tt0311113/plotsummary/","Master and Commander: The Far Side of the World","2003"
"/title/tt0327056/?ref_=ttls_li_tt","https://www.imdb.com/title/tt0327056/","https://www.imdb.com/title/tt0327056/plotsummary/","Mystic River","2003"
"/title/tt0329575/?ref_=ttls_li_tt","https://www.imdb.com/title/tt0329575/","https://www.imdb.com/title/tt0329575/plotsummary/","Seabiscuit","2003"
"/title/tt0299658/?ref_=ttls_li_tt","https://www.imdb.com/title/tt0299658/","https://www.imdb.com/title/tt0299658/plotsummary/","Chicago","2002"
"/title/tt0217505/?ref_=ttls_li_tt","https://www.imdb.com/title/tt0217505/","https://www.imdb.com/title/tt0217505/plotsummary/","Gangs of New York","2002"
"/title/tt0274558/?ref_=ttls_li_tt","https://www.imdb.com/title/tt0274558/","https://www.imdb.com/title/tt0274558/plotsummary/","The Hours","2002"
"/title/tt0167261/?ref_=ttls_li_tt","https://www.imdb.com/title/tt0167261/","https://www.imdb.com/title/tt0167261/plotsummary/","The Lord of the Rings: The Two Towers","2002"
"/title/tt0253474/?ref_=ttls_li_tt","https://www.imdb.com/title/tt0253474/","https://www.imdb.com/title/tt0253474/plotsummary/","The Pianist","2002"
"/title/tt0268978/?ref_=ttls_li_tt","https://www.imdb.com/title/tt0268978/","https://www.imdb.com/title/tt0268978/plotsummary/","A Beautiful Mind","2001"
"/title/tt0280707/?ref_=ttls_li_tt","https://www.imdb.com/title/tt0280707/","https://www.imdb.com/title/tt0280707/plotsummary/","Gosford Park","2001"
"/title/tt0247425/?ref_=ttls_li_tt","https://www.imdb.com/title/tt0247425/","https://www.imdb.com/title/tt0247425/plotsummary/","In the Bedroom","2001"
"/title/tt0120737/?ref_=ttls_li_tt","https://www.imdb.com/title/tt0120737/","https://www.imdb.com/title/tt0120737/plotsummary/","The Lord of the Rings: The Fellowship of the Ring","2001"
"/title/tt0203009/?ref_=ttls_li_tt","https://www.imdb.com/title/tt0203009/","https://www.imdb.com/title/tt0203009/plotsummary/","Moulin Rouge!","2001"
"/title/tt0172495/?ref_=ttls_li_tt","https://www.imdb.com/title/tt0172495/","https://www.imdb.com/title/tt0172495/plotsummary/","Gladiator","2000"
"/title/tt0241303/?ref_=ttls_li_tt","https://www.imdb.com/title/tt0241303/","https://www.imdb.com/title/tt0241303/plotsummary/","Chocolat","2000"
"/title/tt0190332/?ref_=ttls_li_tt","https://www.imdb.com/title/tt0190332/","https://www.imdb.com/title/tt0190332/plotsummary/","Crouching Tiger, Hidden Dragon","2000"
"/title/tt0195685/?ref_=ttls_li_tt","https://www.imdb.com/title/tt0195685/","https://www.imdb.com/title/tt0195685/plotsummary/","Erin Brockovich","2000"
"/title/tt0181865/?ref_=ttls_li_tt","https://www.imdb.com/title/tt0181865/","https://www.imdb.com/title/tt0181865/plotsummary/","Traffic","2000"
"/title/tt0169547/?ref_=ttls_li_tt","https://www.imdb.com/title/tt0169547/","https://www.imdb.com/title/tt0169547/plotsummary/","American Beauty","1999"
"/title/tt0124315/?ref_=ttls_li_tt","https://www.imdb.com/title/tt0124315/","https://www.imdb.com/title/tt0124315/plotsummary/","The Cider House Rules","1999"
"/title/tt0120689/?ref_=ttls_li_tt","https://www.imdb.com/title/tt0120689/","https://www.imdb.com/title/tt0120689/plotsummary/","The Green Mile","1999"
"/title/tt0140352/?ref_=ttls_li_tt","https://www.imdb.com/title/tt0140352/","https://www.imdb.com/title/tt0140352/plotsummary/","The Insider","1999"
"/title/tt0167404/?ref_=ttls_li_tt","https://www.imdb.com/title/tt0167404/","https://www.imdb.com/title/tt0167404/plotsummary/","The Sixth Sense","1999"
"/title/tt0138097/?ref_=ttls_li_tt","https://www.imdb.com/title/tt0138097/","https://www.imdb.com/title/tt0138097/plotsummary/","Shakespeare in Love","1998"
"/title/tt0127536/?ref_=ttls_li_tt","https://www.imdb.com/title/tt0127536/","https://www.imdb.com/title/tt0127536/plotsummary/","Elizabeth","1998"
"/title/tt0118799/?ref_=ttls_li_tt","https://www.imdb.com/title/tt0118799/","https://www.imdb.com/title/tt0118799/plotsummary/","Life Is Beautiful","1997"
"/title/tt0120815/?ref_=ttls_li_tt","https://www.imdb.com/title/tt0120815/","https://www.imdb.com/title/tt0120815/plotsummary/","Saving Private Ryan","1998"
"/title/tt0120863/?ref_=ttls_li_tt","https://www.imdb.com/title/tt0120863/","https://www.imdb.com/title/tt0120863/plotsummary/","The Thin Red Line","1998"
"/title/tt0120338/?ref_=ttls_li_tt","https://www.imdb.com/title/tt0120338/","https://www.imdb.com/title/tt0120338/plotsummary/","Titanic","1997"
"/title/tt0119822/?ref_=ttls_li_tt","https://www.imdb.com/title/tt0119822/","https://www.imdb.com/title/tt0119822/plotsummary/","As Good as It Gets","1997"
"/title/tt0119164/?ref_=ttls_li_tt","https://www.imdb.com/title/tt0119164/","https://www.imdb.com/title/tt0119164/plotsummary/","The Full Monty","1997"
"/title/tt0119217/?ref_=ttls_li_tt","https://www.imdb.com/title/tt0119217/","https://www.imdb.com/title/tt0119217/plotsummary/","Good Will Hunting","1997"
"/title/tt0119488/?ref_=ttls_li_tt","https://www.imdb.com/title/tt0119488/","https://www.imdb.com/title/tt0119488/plotsummary/","L.A. Confidential","1997"
"/title/tt0116209/?ref_=ttls_li_tt","https://www.imdb.com/title/tt0116209/","https://www.imdb.com/title/tt0116209/plotsummary/","The English Patient","1996"
"/title/tt0116282/?ref_=ttls_li_tt","https://www.imdb.com/title/tt0116282/","https://www.imdb.com/title/tt0116282/plotsummary/","Fargo","1996"
"/title/tt0116695/?ref_=ttls_li_tt","https://www.imdb.com/title/tt0116695/","https://www.imdb.com/title/tt0116695/plotsummary/","Jerry Maguire","1996"
"/title/tt0117589/?ref_=ttls_li_tt","https://www.imdb.com/title/tt0117589/","https://www.imdb.com/title/tt0117589/plotsummary/","Secrets & Lies","1996"
"/title/tt0117631/?ref_=ttls_li_tt","https://www.imdb.com/title/tt0117631/","https://www.imdb.com/title/tt0117631/plotsummary/","Shine","1996"
"/title/tt0112573/?ref_=ttls_li_tt","https://www.imdb.com/title/tt0112573/","https://www.imdb.com/title/tt0112573/plotsummary/","Braveheart","1995"
"/title/tt0112384/?ref_=ttls_li_tt","https://www.imdb.com/title/tt0112384/","https://www.imdb.com/title/tt0112384/plotsummary/","Apollo 13","1995"
"/title/tt0112431/?ref_=ttls_li_tt","https://www.imdb.com/title/tt0112431/","https://www.imdb.com/title/tt0112431/plotsummary/","Babe","1995"
"/title/tt0110877/?ref_=ttls_li_tt","https://www.imdb.com/title/tt0110877/","https://www.imdb.com/title/tt0110877/plotsummary/","Il Postino","1994"
"/title/tt0114388/?ref_=ttls_li_tt","https://www.imdb.com/title/tt0114388/","https://www.imdb.com/title/tt0114388/plotsummary/","Sense and Sensibility","1995"
"/title/tt0109830/?ref_=ttls_li_tt","https://www.imdb.com/title/tt0109830/","https://www.imdb.com/title/tt0109830/plotsummary/","Forrest Gump","1994"
"/title/tt0109831/?ref_=ttls_li_tt","https://www.imdb.com/title/tt0109831/","https://www.imdb.com/title/tt0109831/plotsummary/","Four Weddings and a Funeral","1994"
"/title/tt0110912/?ref_=ttls_li_tt","https://www.imdb.com/title/tt0110912/","https://www.imdb.com/title/tt0110912/plotsummary/","Pulp Fiction","1994"
"/title/tt0110932/?ref_=ttls_li_tt","https://www.imdb.com/title/tt0110932/","https://www.imdb.com/title/tt0110932/plotsummary/","Quiz Show","1994"
"/title/tt0111161/?ref_=ttls_li_tt","https://www.imdb.com/title/tt0111161/","https://www.imdb.com/title/tt0111161/plotsummary/","The Shawshank Redemption","1994"
"/title/tt0108052/?ref_=ttls_li_tt","https://www.imdb.com/title/tt0108052/","https://www.imdb.com/title/tt0108052/plotsummary/","Schindler's List","1993"
"/title/tt0106977/?ref_=ttls_li_tt","https://www.imdb.com/title/tt0106977/","https://www.imdb.com/title/tt0106977/plotsummary/","The Fugitive","1993"
"/title/tt0107207/?ref_=ttls_li_tt","https://www.imdb.com/title/tt0107207/","https://www.imdb.com/title/tt0107207/plotsummary/","In the Name of the Father","1993"
"/title/tt0107822/?ref_=ttls_li_tt","https://www.imdb.com/title/tt0107822/","https://www.imdb.com/title/tt0107822/plotsummary/","The Piano","1993"
"/title/tt0107943/?ref_=ttls_li_tt","https://www.imdb.com/title/tt0107943/","https://www.imdb.com/title/tt0107943/plotsummary/","The Remains of the Day","1993"
"/title/tt0105695/?ref_=ttls_li_tt","https://www.imdb.com/title/tt0105695/","https://www.imdb.com/title/tt0105695/plotsummary/","Unforgiven","1992"
"/title/tt0104036/?ref_=ttls_li_tt","https://www.imdb.com/title/tt0104036/","https://www.imdb.com/title/tt0104036/plotsummary/","The Crying Game","1992"
"/title/tt0104257/?ref_=ttls_li_tt","https://www.imdb.com/title/tt0104257/","https://www.imdb.com/title/tt0104257/plotsummary/","A Few Good Men","1992"
"/title/tt0104454/?ref_=ttls_li_tt","https://www.imdb.com/title/tt0104454/","https://www.imdb.com/title/tt0104454/plotsummary/","Howards End","1992"
"/title/tt0105323/?ref_=ttls_li_tt","https://www.imdb.com/title/tt0105323/","https://www.imdb.com/title/tt0105323/plotsummary/","Scent of a Woman","1992"
"/title/tt0102926/?ref_=ttls_li_tt","https://www.imdb.com/title/tt0102926/","https://www.imdb.com/title/tt0102926/plotsummary/","The Silence of the Lambs","1991"
"/title/tt0101414/?ref_=ttls_li_tt","https://www.imdb.com/title/tt0101414/","https://www.imdb.com/title/tt0101414/plotsummary/","Beauty and the Beast","1991"
"/title/tt0101516/?ref_=ttls_li_tt","https://www.imdb.com/title/tt0101516/","https://www.imdb.com/title/tt0101516/plotsummary/","Bugsy","1991"
"/title/tt0102138/?ref_=ttls_li_tt","https://www.imdb.com/title/tt0102138/","https://www.imdb.com/title/tt0102138/plotsummary/","JFK","1991"
"/title/tt0102713/?ref_=ttls_li_tt","https://www.imdb.com/title/tt0102713/","https://www.imdb.com/title/tt0102713/plotsummary/","The Prince of Tides","1991"
"/title/tt0099348/?ref_=ttls_li_tt","https://www.imdb.com/title/tt0099348/","https://www.imdb.com/title/tt0099348/plotsummary/","Dances with Wolves","1990"
"/title/tt0099077/?ref_=ttls_li_tt","https://www.imdb.com/title/tt0099077/","https://www.imdb.com/title/tt0099077/plotsummary/","Awakenings","1990"
"/title/tt0099653/?ref_=ttls_li_tt","https://www.imdb.com/title/tt0099653/","https://www.imdb.com/title/tt0099653/plotsummary/","Ghost","1990"
"/title/tt0099674/?ref_=ttls_li_tt","https://www.imdb.com/title/tt0099674/","https://www.imdb.com/title/tt0099674/plotsummary/","The Godfather Part III","1990"
"/title/tt0099685/?ref_=ttls_li_tt","https://www.imdb.com/title/tt0099685/","https://www.imdb.com/title/tt0099685/plotsummary/","Goodfellas","1990"
"/title/tt0097239/?ref_=ttls_li_tt","https://www.imdb.com/title/tt0097239/","https://www.imdb.com/title/tt0097239/plotsummary/","Driving Miss Daisy","1989"
"/title/tt0096969/?ref_=ttls_li_tt","https://www.imdb.com/title/tt0096969/","https://www.imdb.com/title/tt0096969/plotsummary/","Born on the Fourth of July","1989"
"/title/tt0097165/?ref_=ttls_li_tt","https://www.imdb.com/title/tt0097165/","https://www.imdb.com/title/tt0097165/plotsummary/","Dead Poets Society","1989"
"/title/tt0097351/?ref_=ttls_li_tt","https://www.imdb.com/title/tt0097351/","https://www.imdb.com/title/tt0097351/plotsummary/","Field of Dreams","1989"
"/title/tt0097937/?ref_=ttls_li_tt","https://www.imdb.com/title/tt0097937/","https://www.imdb.com/title/tt0097937/plotsummary/","My Left Foot","1989"
"/title/tt0095953/?ref_=ttls_li_tt","https://www.imdb.com/title/tt0095953/","https://www.imdb.com/title/tt0095953/plotsummary/","Rain Man","1988"
"/title/tt0094606/?ref_=ttls_li_tt","https://www.imdb.com/title/tt0094606/","https://www.imdb.com/title/tt0094606/plotsummary/","The Accidental Tourist","1988"
"/title/tt0094947/?ref_=ttls_li_tt","https://www.imdb.com/title/tt0094947/","https://www.imdb.com/title/tt0094947/plotsummary/","Dangerous Liaisons","1988"
"/title/tt0095647/?ref_=ttls_li_tt","https://www.imdb.com/title/tt0095647/","https://www.imdb.com/title/tt0095647/plotsummary/","Mississippi Burning","1988"
"/title/tt0096463/?ref_=ttls_li_tt","https://www.imdb.com/title/tt0096463/","https://www.imdb.com/title/tt0096463/plotsummary/","Working Girl","1988"
"/title/tt0093389/?ref_=ttls_li_tt","https://www.imdb.com/title/tt0093389/","https://www.imdb.com/title/tt0093389/plotsummary/","The Last Emperor","1987"
"/title/tt0092699/?ref_=ttls_li_tt","https://www.imdb.com/title/tt0092699/","https://www.imdb.com/title/tt0092699/plotsummary/","Broadcast News","1987"
"/title/tt0093010/?ref_=ttls_li_tt","https://www.imdb.com/title/tt0093010/","https://www.imdb.com/title/tt0093010/plotsummary/","Fatal Attraction","1987"
"/title/tt0093209/?ref_=ttls_li_tt","https://www.imdb.com/title/tt0093209/","https://www.imdb.com/title/tt0093209/plotsummary/","Hope and Glory","1987"
"/title/tt0093565/?ref_=ttls_li_tt","https://www.imdb.com/title/tt0093565/","https://www.imdb.com/title/tt0093565/plotsummary/","Moonstruck","1987"
"/title/tt0091763/?ref_=ttls_li_tt","https://www.imdb.com/title/tt0091763/","https://www.imdb.com/title/tt0091763/plotsummary/","Platoon","1986"
"/title/tt0090830/?ref_=ttls_li_tt","https://www.imdb.com/title/tt0090830/","https://www.imdb.com/title/tt0090830/plotsummary/","Children of a Lesser God","1986"
"/title/tt0091167/?ref_=ttls_li_tt","https://www.imdb.com/title/tt0091167/","https://www.imdb.com/title/tt0091167/plotsummary/","Hannah and Her Sisters","1986"
"/title/tt0091530/?ref_=ttls_li_tt","https://www.imdb.com/title/tt0091530/","https://www.imdb.com/title/tt0091530/plotsummary/","The Mission","1986"
"/title/tt0091867/?ref_=ttls_li_tt","https://www.imdb.com/title/tt0091867/","https://www.imdb.com/title/tt0091867/plotsummary/","A Room with a View","1985"
"/title/tt0089755/?ref_=ttls_li_tt","https://www.imdb.com/title/tt0089755/","https://www.imdb.com/title/tt0089755/plotsummary/","Out of Africa","1985"
"/title/tt0088939/?ref_=ttls_li_tt","https://www.imdb.com/title/tt0088939/","https://www.imdb.com/title/tt0088939/plotsummary/","The Color Purple","1985"
"/title/tt0089424/?ref_=ttls_li_tt","https://www.imdb.com/title/tt0089424/","https://www.imdb.com/title/tt0089424/plotsummary/","Kiss of the Spider Woman","1985"
"/title/tt0089841/?ref_=ttls_li_tt","https://www.imdb.com/title/tt0089841/","https://www.imdb.com/title/tt0089841/plotsummary/","Prizzi's Honor","1985"
"/title/tt0090329/?ref_=ttls_li_tt","https://www.imdb.com/title/tt0090329/","https://www.imdb.com/title/tt0090329/plotsummary/","Witness","1985"
"/title/tt0086879/?ref_=ttls_li_tt","https://www.imdb.com/title/tt0086879/","https://www.imdb.com/title/tt0086879/plotsummary/","Amadeus","1984"
"/title/tt0087553/?ref_=ttls_li_tt","https://www.imdb.com/title/tt0087553/","https://www.imdb.com/title/tt0087553/plotsummary/","The Killing Fields","1984"
"/title/tt0087892/?ref_=ttls_li_tt","https://www.imdb.com/title/tt0087892/","https://www.imdb.com/title/tt0087892/plotsummary/","A Passage to India","1984"
"/title/tt0087921/?ref_=ttls_li_tt","https://www.imdb.com/title/tt0087921/","https://www.imdb.com/title/tt0087921/plotsummary/","Places in the Heart","1984"
"/title/tt0088146/?ref_=ttls_li_tt","https://www.imdb.com/title/tt0088146/","https://www.imdb.com/title/tt0088146/plotsummary/","A Soldier's Story","1984"
"/title/tt0086425/?ref_=ttls_li_tt","https://www.imdb.com/title/tt0086425/","https://www.imdb.com/title/tt0086425/plotsummary/","Terms of Endearment","1983"
"/title/tt0085244/?ref_=ttls_li_tt","https://www.imdb.com/title/tt0085244/","https://www.imdb.com/title/tt0085244/plotsummary/","The Big Chill","1983"
"/title/tt0085461/?ref_=ttls_li_tt","https://www.imdb.com/title/tt0085461/","https://www.imdb.com/title/tt0085461/plotsummary/","The Dresser","1983"
"/title/tt0086197/?ref_=ttls_li_tt","https://www.imdb.com/title/tt0086197/","https://www.imdb.com/title/tt0086197/plotsummary/","The Right Stuff","1983"
"/title/tt0086423/?ref_=ttls_li_tt","https://www.imdb.com/title/tt0086423/","https://www.imdb.com/title/tt0086423/plotsummary/","Tender Mercies","1983"
"/title/tt0083987/?ref_=ttls_li_tt","https://www.imdb.com/title/tt0083987/","https://www.imdb.com/title/tt0083987/plotsummary/","Gandhi","1982"
"/title/tt0083866/?ref_=ttls_li_tt","https://www.imdb.com/title/tt0083866/","https://www.imdb.com/title/tt0083866/plotsummary/","E.T. the Extra-Terrestrial","1982"
"/title/tt0084335/?ref_=ttls_li_tt","https://www.imdb.com/title/tt0084335/","https://www.imdb.com/title/tt0084335/plotsummary/","Missing","1982"
"/title/tt0084805/?ref_=ttls_li_tt","https://www.imdb.com/title/tt0084805/","https://www.imdb.com/title/tt0084805/plotsummary/","Tootsie","1982"
"/title/tt0084855/?ref_=ttls_li_tt","https://www.imdb.com/title/tt0084855/","https://www.imdb.com/title/tt0084855/plotsummary/","The Verdict","1982"
"/title/tt0082158/?ref_=ttls_li_tt","https://www.imdb.com/title/tt0082158/","https://www.imdb.com/title/tt0082158/plotsummary/","Chariots of Fire","1981"
"/title/tt0080388/?ref_=ttls_li_tt","https://www.imdb.com/title/tt0080388/","https://www.imdb.com/title/tt0080388/plotsummary/","Atlantic City, USA","1980"
"/title/tt0082846/?ref_=ttls_li_tt","https://www.imdb.com/title/tt0082846/","https://www.imdb.com/title/tt0082846/plotsummary/","On Golden Pond","1981"
"/title/tt0082971/?ref_=ttls_li_tt","https://www.imdb.com/title/tt0082971/","https://www.imdb.com/title/tt0082971/plotsummary/","Raiders of the Lost Ark","1981"
"/title/tt0082979/?ref_=ttls_li_tt","https://www.imdb.com/title/tt0082979/","https://www.imdb.com/title/tt0082979/plotsummary/","Reds","1981"
"/title/tt0081283/?ref_=ttls_li_tt","https://www.imdb.com/title/tt0081283/","https://www.imdb.com/title/tt0081283/plotsummary/","Ordinary People","1980"
"/title/tt0080549/?ref_=ttls_li_tt","https://www.imdb.com/title/tt0080549/","https://www.imdb.com/title/tt0080549/plotsummary/","Coal Miner's Daughter","1980"
"/title/tt0080678/?ref_=ttls_li_tt","https://www.imdb.com/title/tt0080678/","https://www.imdb.com/title/tt0080678/plotsummary/","The Elephant Man","1980"
"/title/tt0081398/?ref_=ttls_li_tt","https://www.imdb.com/title/tt0081398/","https://www.imdb.com/title/tt0081398/plotsummary/","Raging Bull","1980"
"/title/tt0080009/?ref_=ttls_li_tt","https://www.imdb.com/title/tt0080009/","https://www.imdb.com/title/tt0080009/plotsummary/","Tess","1979"
"/title/tt0079417/?ref_=ttls_li_tt","https://www.imdb.com/title/tt0079417/","https://www.imdb.com/title/tt0079417/plotsummary/","Kramer vs. Kramer","1979"
"/title/tt0078754/?ref_=ttls_li_tt","https://www.imdb.com/title/tt0078754/","https://www.imdb.com/title/tt0078754/plotsummary/","All That Jazz","1979"
"/title/tt0078788/?ref_=ttls_li_tt","https://www.imdb.com/title/tt0078788/","https://www.imdb.com/title/tt0078788/plotsummary/","Apocalypse Now","1979"
"/title/tt0078902/?ref_=ttls_li_tt","https://www.imdb.com/title/tt0078902/","https://www.imdb.com/title/tt0078902/plotsummary/","Breaking Away","1979"
"/title/tt0079638/?ref_=ttls_li_tt","https://www.imdb.com/title/tt0079638/","https://www.imdb.com/title/tt0079638/plotsummary/","Norma Rae","1979"
"/title/tt0077416/?ref_=ttls_li_tt","https://www.imdb.com/title/tt0077416/","https://www.imdb.com/title/tt0077416/plotsummary/","The Deer Hunter","1978"
"/title/tt0077362/?ref_=ttls_li_tt","https://www.imdb.com/title/tt0077362/","https://www.imdb.com/title/tt0077362/plotsummary/","Coming Home","1978"
"/title/tt0077663/?ref_=ttls_li_tt","https://www.imdb.com/title/tt0077663/","https://www.imdb.com/title/tt0077663/plotsummary/","Heaven Can Wait","1978"
"/title/tt0077928/?ref_=ttls_li_tt","https://www.imdb.com/title/tt0077928/","https://www.imdb.com/title/tt0077928/plotsummary/","Midnight Express","1978"
"/title/tt0078444/?ref_=ttls_li_tt","https://www.imdb.com/title/tt0078444/","https://www.imdb.com/title/tt0078444/plotsummary/","An Unmarried Woman","1978"
"/title/tt0075686/?ref_=ttls_li_tt","https://www.imdb.com/title/tt0075686/","https://www.imdb.com/title/tt0075686/plotsummary/","Annie Hall","1977"
"/title/tt0076095/?ref_=ttls_li_tt","https://www.imdb.com/title/tt0076095/","https://www.imdb.com/title/tt0076095/plotsummary/","The Goodbye Girl","1977"
"/title/tt0076245/?ref_=ttls_li_tt","https://www.imdb.com/title/tt0076245/","https://www.imdb.com/title/tt0076245/plotsummary/","Julia","1977"
"/title/tt0076759/?ref_=ttls_li_tt","https://www.imdb.com/title/tt0076759/","https://www.imdb.com/title/tt0076759/plotsummary/","Star Wars: Episode IV - A New Hope","1977"
"/title/tt0076843/?ref_=ttls_li_tt","https://www.imdb.com/title/tt0076843/","https://www.imdb.com/title/tt0076843/plotsummary/","The Turning Point","1977"
"/title/tt0075148/?ref_=ttls_li_tt","https://www.imdb.com/title/tt0075148/","https://www.imdb.com/title/tt0075148/plotsummary/","Rocky","1976"
"/title/tt0074119/?ref_=ttls_li_tt","https://www.imdb.com/title/tt0074119/","https://www.imdb.com/title/tt0074119/plotsummary/","All the President's Men","1976"
"/title/tt0074235/?ref_=ttls_li_tt","https://www.imdb.com/title/tt0074235/","https://www.imdb.com/title/tt0074235/plotsummary/","Bound for Glory","1976"
"/title/tt0074958/?ref_=ttls_li_tt","https://www.imdb.com/title/tt0074958/","https://www.imdb.com/title/tt0074958/plotsummary/","Network","1976"
"/title/tt0075314/?ref_=ttls_li_tt","https://www.imdb.com/title/tt0075314/","https://www.imdb.com/title/tt0075314/plotsummary/","Taxi Driver","1976"
"/title/tt0073486/?ref_=ttls_li_tt","https://www.imdb.com/title/tt0073486/","https://www.imdb.com/title/tt0073486/plotsummary/","One Flew Over the Cuckoo's Nest","1975"
"/title/tt0072684/?ref_=ttls_li_tt","https://www.imdb.com/title/tt0072684/","https://www.imdb.com/title/tt0072684/plotsummary/","Barry Lyndon","1975"
"/title/tt0072890/?ref_=ttls_li_tt","https://www.imdb.com/title/tt0072890/","https://www.imdb.com/title/tt0072890/plotsummary/","Dog Day Afternoon","1975"
"/title/tt0073195/?ref_=ttls_li_tt","https://www.imdb.com/title/tt0073195/","https://www.imdb.com/title/tt0073195/plotsummary/","Jaws","1975"
"/title/tt0073440/?ref_=ttls_li_tt","https://www.imdb.com/title/tt0073440/","https://www.imdb.com/title/tt0073440/plotsummary/","Nashville","1975"
"/title/tt0071562/?ref_=ttls_li_tt","https://www.imdb.com/title/tt0071562/","https://www.imdb.com/title/tt0071562/plotsummary/","The Godfather: Part II","1974"
"/title/tt0071315/?ref_=ttls_li_tt","https://www.imdb.com/title/tt0071315/","https://www.imdb.com/title/tt0071315/plotsummary/","Chinatown","1974"
"/title/tt0071360/?ref_=ttls_li_tt","https://www.imdb.com/title/tt0071360/","https://www.imdb.com/title/tt0071360/plotsummary/","The Conversation","1974"
"/title/tt0071746/?ref_=ttls_li_tt","https://www.imdb.com/title/tt0071746/","https://www.imdb.com/title/tt0071746/plotsummary/","Lenny","1974"
"/title/tt0072308/?ref_=ttls_li_tt","https://www.imdb.com/title/tt0072308/","https://www.imdb.com/title/tt0072308/plotsummary/","The Towering Inferno","1974"
"/title/tt0070735/?ref_=ttls_li_tt","https://www.imdb.com/title/tt0070735/","https://www.imdb.com/title/tt0070735/plotsummary/","The Sting","1973"
"/title/tt0069704/?ref_=ttls_li_tt","https://www.imdb.com/title/tt0069704/","https://www.imdb.com/title/tt0069704/plotsummary/","American Graffiti","1973"
"/title/tt0069467/?ref_=ttls_li_tt","https://www.imdb.com/title/tt0069467/","https://www.imdb.com/title/tt0069467/plotsummary/","Cries and Whispers","1972"
"/title/tt0070047/?ref_=ttls_li_tt","https://www.imdb.com/title/tt0070047/","https://www.imdb.com/title/tt0070047/plotsummary/","The Exorcist","1973"
"/title/tt0070819/?ref_=ttls_li_tt","https://www.imdb.com/title/tt0070819/","https://www.imdb.com/title/tt0070819/plotsummary/","A Touch of Class","1973"
"/title/tt0068646/?ref_=ttls_li_tt","https://www.imdb.com/title/tt0068646/","https://www.imdb.com/title/tt0068646/plotsummary/","The Godfather","1972"
"/title/tt0068327/?ref_=ttls_li_tt","https://www.imdb.com/title/tt0068327/","https://www.imdb.com/title/tt0068327/plotsummary/","Cabaret","1972"
"/title/tt0068473/?ref_=ttls_li_tt","https://www.imdb.com/title/tt0068473/","https://www.imdb.com/title/tt0068473/plotsummary/","Deliverance","1972"
"/title/tt0067919/?ref_=ttls_li_tt","https://www.imdb.com/title/tt0067919/","https://www.imdb.com/title/tt0067919/plotsummary/","Utvandrarna","1971"
"/title/tt0069303/?ref_=ttls_li_tt","https://www.imdb.com/title/tt0069303/","https://www.imdb.com/title/tt0069303/plotsummary/","Sounder","1972"
"/title/tt0067116/?ref_=ttls_li_tt","https://www.imdb.com/title/tt0067116/","https://www.imdb.com/title/tt0067116/plotsummary/","The French Connection","1971"
"/title/tt0066921/?ref_=ttls_li_tt","https://www.imdb.com/title/tt0066921/","https://www.imdb.com/title/tt0066921/plotsummary/","A Clockwork Orange","1971"
"/title/tt0067093/?ref_=ttls_li_tt","https://www.imdb.com/title/tt0067093/","https://www.imdb.com/title/tt0067093/plotsummary/","Fiddler on the Roof","1971"
"/title/tt0067328/?ref_=ttls_li_tt","https://www.imdb.com/title/tt0067328/","https://www.imdb.com/title/tt0067328/plotsummary/","The Last Picture Show","1971"
"/title/tt0067483/?ref_=ttls_li_tt","https://www.imdb.com/title/tt0067483/","https://www.imdb.com/title/tt0067483/plotsummary/","Nicholas and Alexandra","1971"
"/title/tt0066206/?ref_=ttls_li_tt","https://www.imdb.com/title/tt0066206/","https://www.imdb.com/title/tt0066206/plotsummary/","Patton","1970"
"/title/tt0065377/?ref_=ttls_li_tt","https://www.imdb.com/title/tt0065377/","https://www.imdb.com/title/tt0065377/plotsummary/","Airport","1970"
"/title/tt0065724/?ref_=ttls_li_tt","https://www.imdb.com/title/tt0065724/","https://www.imdb.com/title/tt0065724/plotsummary/","Five Easy Pieces","1970"
"/title/tt0066011/?ref_=ttls_li_tt","https://www.imdb.com/title/tt0066011/","https://www.imdb.com/title/tt0066011/plotsummary/","Love Story","1970"
"/title/tt0066026/?ref_=ttls_li_tt","https://www.imdb.com/title/tt0066026/","https://www.imdb.com/title/tt0066026/plotsummary/","M.A.S.H.","1970"
"/title/tt0064665/?ref_=ttls_li_tt","https://www.imdb.com/title/tt0064665/","https://www.imdb.com/title/tt0064665/plotsummary/","Midnight Cowboy","1969"
"/title/tt0064030/?ref_=ttls_li_tt","https://www.imdb.com/title/tt0064030/","https://www.imdb.com/title/tt0064030/plotsummary/","Anne of the Thousand Days","1969"
"/title/tt0064115/?ref_=ttls_li_tt","https://www.imdb.com/title/tt0064115/","https://www.imdb.com/title/tt0064115/plotsummary/","Butch Cassidy and the Sundance Kid","1969"
"/title/tt0064418/?ref_=ttls_li_tt","https://www.imdb.com/title/tt0064418/","https://www.imdb.com/title/tt0064418/plotsummary/","Hello, Dolly!","1969"
"/title/tt0065234/?ref_=ttls_li_tt","https://www.imdb.com/title/tt0065234/","https://www.imdb.com/title/tt0065234/plotsummary/","Z","1969"
"/title/tt0063385/?ref_=ttls_li_tt","https://www.imdb.com/title/tt0063385/","https://www.imdb.com/title/tt0063385/plotsummary/","Oliver!","1968"
"/title/tt0062994/?ref_=ttls_li_tt","https://www.imdb.com/title/tt0062994/","https://www.imdb.com/title/tt0062994/plotsummary/","Funny Girl","1968"
"/title/tt0063227/?ref_=ttls_li_tt","https://www.imdb.com/title/tt0063227/","https://www.imdb.com/title/tt0063227/plotsummary/","The Lion in Winter","1968"
"/title/tt0063483/?ref_=ttls_li_tt","https://www.imdb.com/title/tt0063483/","https://www.imdb.com/title/tt0063483/plotsummary/","Rachel, Rachel","1968"
"/title/tt0063518/?ref_=ttls_li_tt","https://www.imdb.com/title/tt0063518/","https://www.imdb.com/title/tt0063518/plotsummary/","Romeo and Juliet","1968"
"/title/tt0061811/?ref_=ttls_li_tt","https://www.imdb.com/title/tt0061811/","https://www.imdb.com/title/tt0061811/plotsummary/","In the Heat of the Night","1967"
"/title/tt0061418/?ref_=ttls_li_tt","https://www.imdb.com/title/tt0061418/","https://www.imdb.com/title/tt0061418/plotsummary/","Bonnie and Clyde","1967"
"/title/tt0061584/?ref_=ttls_li_tt","https://www.imdb.com/title/tt0061584/","https://www.imdb.com/title/tt0061584/plotsummary/","Doctor Dolittle","1967"
"/title/tt0061722/?ref_=ttls_li_tt","https://www.imdb.com/title/tt0061722/","https://www.imdb.com/title/tt0061722/plotsummary/","The Graduate","1967"
"/title/tt0061735/?ref_=ttls_li_tt","https://www.imdb.com/title/tt0061735/","https://www.imdb.com/title/tt0061735/plotsummary/","Guess Who's Coming to Dinner","1967"
"/title/tt0060665/?ref_=ttls_li_tt","https://www.imdb.com/title/tt0060665/","https://www.imdb.com/title/tt0060665/plotsummary/","A Man for All Seasons","1966"
"/title/tt0060086/?ref_=ttls_li_tt","https://www.imdb.com/title/tt0060086/","https://www.imdb.com/title/tt0060086/plotsummary/","Alfie","1966"
"/title/tt0060921/?ref_=ttls_li_tt","https://www.imdb.com/title/tt0060921/","https://www.imdb.com/title/tt0060921/plotsummary/","The Russians Are Coming the Russians Are Coming","1966"
"/title/tt0060934/?ref_=ttls_li_tt","https://www.imdb.com/title/tt0060934/","https://www.imdb.com/title/tt0060934/plotsummary/","The Sand Pebbles","1966"
"/title/tt0061184/?ref_=ttls_li_tt","https://www.imdb.com/title/tt0061184/","https://www.imdb.com/title/tt0061184/plotsummary/","Who's Afraid of Virginia Woolf?","1966"
"/title/tt0059742/?ref_=ttls_li_tt","https://www.imdb.com/title/tt0059742/","https://www.imdb.com/title/tt0059742/plotsummary/","The Sound of Music","1965"
"/title/tt0059084/?ref_=ttls_li_tt","https://www.imdb.com/title/tt0059084/","https://www.imdb.com/title/tt0059084/plotsummary/","Darling","1965"
"/title/tt0059113/?ref_=ttls_li_tt","https://www.imdb.com/title/tt0059113/","https://www.imdb.com/title/tt0059113/plotsummary/","Doctor Zhivago","1965"
"/title/tt0059712/?ref_=ttls_li_tt","https://www.imdb.com/title/tt0059712/","https://www.imdb.com/title/tt0059712/plotsummary/","Ship of Fools","1965"
"/title/tt0059798/?ref_=ttls_li_tt","https://www.imdb.com/title/tt0059798/","https://www.imdb.com/title/tt0059798/plotsummary/","A Thousand Clowns","1965"
"/title/tt0058385/?ref_=ttls_li_tt","https://www.imdb.com/title/tt0058385/","https://www.imdb.com/title/tt0058385/plotsummary/","My Fair Lady","1964"
"/title/tt0057877/?ref_=ttls_li_tt","https://www.imdb.com/title/tt0057877/","https://www.imdb.com/title/tt0057877/plotsummary/","Becket","1964"
"/title/tt0057012/?ref_=ttls_li_tt","https://www.imdb.com/title/tt0057012/","https://www.imdb.com/title/tt0057012/plotsummary/","Dr. Strangelove or: How I Learned to Stop Worrying and Love the Bomb","1964"
"/title/tt0058331/?ref_=ttls_li_tt","https://www.imdb.com/title/tt0058331/","https://www.imdb.com/title/tt0058331/plotsummary/","Mary Poppins","1964"
"/title/tt0057831/?ref_=ttls_li_tt","https://www.imdb.com/title/tt0057831/","https://www.imdb.com/title/tt0057831/plotsummary/","Zorba the Greek","1964"
"/title/tt0057590/?ref_=ttls_li_tt","https://www.imdb.com/title/tt0057590/","https://www.imdb.com/title/tt0057590/plotsummary/","Tom Jones","1963"
"/title/tt0056825/?ref_=ttls_li_tt","https://www.imdb.com/title/tt0056825/","https://www.imdb.com/title/tt0056825/plotsummary/","America, America","1963"
"/title/tt0056937/?ref_=ttls_li_tt","https://www.imdb.com/title/tt0056937/","https://www.imdb.com/title/tt0056937/plotsummary/","Cleopatra","1963"
"/title/tt0056085/?ref_=ttls_li_tt","https://www.imdb.com/title/tt0056085/","https://www.imdb.com/title/tt0056085/plotsummary/","How the West Was Won","1962"
"/title/tt0057251/?ref_=ttls_li_tt","https://www.imdb.com/title/tt0057251/","https://www.imdb.com/title/tt0057251/plotsummary/","Lilies of the Field","1963"
"/title/tt0056172/?ref_=ttls_li_tt","https://www.imdb.com/title/tt0056172/","https://www.imdb.com/title/tt0056172/plotsummary/","Lawrence of Arabia","1962"
"/title/tt0056197/?ref_=ttls_li_tt","https://www.imdb.com/title/tt0056197/","https://www.imdb.com/title/tt0056197/plotsummary/","The Longest Day","1962"
"/title/tt0056262/?ref_=ttls_li_tt","https://www.imdb.com/title/tt0056262/","https://www.imdb.com/title/tt0056262/plotsummary/","The Music Man","1962"
"/title/tt0056264/?ref_=ttls_li_tt","https://www.imdb.com/title/tt0056264/","https://www.imdb.com/title/tt0056264/plotsummary/","Mutiny on the Bounty","1962"
"/title/tt0056592/?ref_=ttls_li_tt","https://www.imdb.com/title/tt0056592/","https://www.imdb.com/title/tt0056592/plotsummary/","To Kill a Mockingbird","1962"
"/title/tt0055614/?ref_=ttls_li_tt","https://www.imdb.com/title/tt0055614/","https://www.imdb.com/title/tt0055614/plotsummary/","West Side Story","1961"
"/title/tt0054866/?ref_=ttls_li_tt","https://www.imdb.com/title/tt0054866/","https://www.imdb.com/title/tt0054866/plotsummary/","Fanny","1961"
"/title/tt0054953/?ref_=ttls_li_tt","https://www.imdb.com/title/tt0054953/","https://www.imdb.com/title/tt0054953/plotsummary/","The Guns of Navarone","1961"
"/title/tt0054997/?ref_=ttls_li_tt","https://www.imdb.com/title/tt0054997/","https://www.imdb.com/title/tt0054997/plotsummary/","The Hustler","1961"
"/title/tt0055031/?ref_=ttls_li_tt","https://www.imdb.com/title/tt0055031/","https://www.imdb.com/title/tt0055031/plotsummary/","Judgment at Nuremberg","1961"
"/title/tt0053604/?ref_=ttls_li_tt","https://www.imdb.com/title/tt0053604/","https://www.imdb.com/title/tt0053604/plotsummary/","The Apartment","1960"
"/title/tt0053580/?ref_=ttls_li_tt","https://www.imdb.com/title/tt0053580/","https://www.imdb.com/title/tt0053580/plotsummary/","The Alamo","1960"
"/title/tt0053793/?ref_=ttls_li_tt","https://www.imdb.com/title/tt0053793/","https://www.imdb.com/title/tt0053793/plotsummary/","Elmer Gantry","1960"
"/title/tt0054326/?ref_=ttls_li_tt","https://www.imdb.com/title/tt0054326/","https://www.imdb.com/title/tt0054326/plotsummary/","Sons and Lovers","1960"
"/title/tt0054353/?ref_=ttls_li_tt","https://www.imdb.com/title/tt0054353/","https://www.imdb.com/title/tt0054353/plotsummary/","The Sundowners","1960"
"/title/tt0052618/?ref_=ttls_li_tt","https://www.imdb.com/title/tt0052618/","https://www.imdb.com/title/tt0052618/plotsummary/","Ben-Hur","1959"
"/title/tt0052561/?ref_=ttls_li_tt","https://www.imdb.com/title/tt0052561/","https://www.imdb.com/title/tt0052561/plotsummary/","Anatomy of a Murder","1959"
"/title/tt0052738/?ref_=ttls_li_tt","https://www.imdb.com/title/tt0052738/","https://www.imdb.com/title/tt0052738/plotsummary/","The Diary of Anne Frank","1959"
"/title/tt0053131/?ref_=ttls_li_tt","https://www.imdb.com/title/tt0053131/","https://www.imdb.com/title/tt0053131/plotsummary/","The Nun's Story","1959"
"/title/tt0053226/?ref_=ttls_li_tt","https://www.imdb.com/title/tt0053226/","https://www.imdb.com/title/tt0053226/plotsummary/","Room at the Top","1959"
"/title/tt0051658/?ref_=ttls_li_tt","https://www.imdb.com/title/tt0051658/","https://www.imdb.com/title/tt0051658/plotsummary/","Gigi","1958"
"/title/tt0051383/?ref_=ttls_li_tt","https://www.imdb.com/title/tt0051383/","https://www.imdb.com/title/tt0051383/plotsummary/","Auntie Mame","1958"
"/title/tt0051459/?ref_=ttls_li_tt","https://www.imdb.com/title/tt0051459/","https://www.imdb.com/title/tt0051459/plotsummary/","Cat on a Hot Tin Roof","1958"
"/title/tt0051525/?ref_=ttls_li_tt","https://www.imdb.com/title/tt0051525/","https://www.imdb.com/title/tt0051525/plotsummary/","The Defiant Ones","1958"
"/title/tt0052182/?ref_=ttls_li_tt","https://www.imdb.com/title/tt0052182/","https://www.imdb.com/title/tt0052182/plotsummary/","Separate Tables","1958"
"/title/tt0050212/?ref_=ttls_li_tt","https://www.imdb.com/title/tt0050212/","https://www.imdb.com/title/tt0050212/plotsummary/","The Bridge on the River Kwai","1957"
"/title/tt0050839/?ref_=ttls_li_tt","https://www.imdb.com/title/tt0050839/","https://www.imdb.com/title/tt0050839/plotsummary/","Peyton Place","1957"
"/title/tt0050933/?ref_=ttls_li_tt","https://www.imdb.com/title/tt0050933/","https://www.imdb.com/title/tt0050933/plotsummary/","Sayonara","1957"
"/title/tt0050083/?ref_=ttls_li_tt","https://www.imdb.com/title/tt0050083/","https://www.imdb.com/title/tt0050083/plotsummary/","12 Angry Men","1957"
"/title/tt0051201/?ref_=ttls_li_tt","https://www.imdb.com/title/tt0051201/","https://www.imdb.com/title/tt0051201/plotsummary/","Witness for the Prosecution","1957"
"/title/tt0048960/?ref_=ttls_li_tt","https://www.imdb.com/title/tt0048960/","https://www.imdb.com/title/tt0048960/plotsummary/","Around the World in 80 Days","1956"
"/title/tt0049233/?ref_=ttls_li_tt","https://www.imdb.com/title/tt0049233/","https://www.imdb.com/title/tt0049233/plotsummary/","Friendly Persuasion","1956"
"/title/tt0049261/?ref_=ttls_li_tt","https://www.imdb.com/title/tt0049261/","https://www.imdb.com/title/tt0049261/plotsummary/","Giant","1956"
"/title/tt0049408/?ref_=ttls_li_tt","https://www.imdb.com/title/tt0049408/","https://www.imdb.com/title/tt0049408/plotsummary/","The King and I","1956"
"/title/tt0049833/?ref_=ttls_li_tt","https://www.imdb.com/title/tt0049833/","https://www.imdb.com/title/tt0049833/plotsummary/","The Ten Commandments","1956"
"/title/tt0048356/?ref_=ttls_li_tt","https://www.imdb.com/title/tt0048356/","https://www.imdb.com/title/tt0048356/plotsummary/","Marty","1955"
"/title/tt0048316/?ref_=ttls_li_tt","https://www.imdb.com/title/tt0048316/","https://www.imdb.com/title/tt0048316/plotsummary/","Love Is a Many-Splendored Thing","1955"
"/title/tt0048380/?ref_=ttls_li_tt","https://www.imdb.com/title/tt0048380/","https://www.imdb.com/title/tt0048380/plotsummary/","Mister Roberts","1955"
"/title/tt0048491/?ref_=ttls_li_tt","https://www.imdb.com/title/tt0048491/","https://www.imdb.com/title/tt0048491/plotsummary/","Picnic","1955"
"/title/tt0048563/?ref_=ttls_li_tt","https://www.imdb.com/title/tt0048563/","https://www.imdb.com/title/tt0048563/plotsummary/","The Rose Tattoo","1955"
"/title/tt0047296/?ref_=ttls_li_tt","https://www.imdb.com/title/tt0047296/","https://www.imdb.com/title/tt0047296/plotsummary/","On the Waterfront","1954"
"/title/tt0046816/?ref_=ttls_li_tt","https://www.imdb.com/title/tt0046816/","https://www.imdb.com/title/tt0046816/plotsummary/","The Caine Mutiny","1954"
"/title/tt0046874/?ref_=ttls_li_tt","https://www.imdb.com/title/tt0046874/","https://www.imdb.com/title/tt0046874/plotsummary/","The Country Girl","1954"
"/title/tt0047472/?ref_=ttls_li_tt","https://www.imdb.com/title/tt0047472/","https://www.imdb.com/title/tt0047472/plotsummary/","Seven Brides for Seven Brothers","1954"
"/title/tt0047580/?ref_=ttls_li_tt","https://www.imdb.com/title/tt0047580/","https://www.imdb.com/title/tt0047580/plotsummary/","Three Coins in the Fountain","1954"
"/title/tt0045793/?ref_=ttls_li_tt","https://www.imdb.com/title/tt0045793/","https://www.imdb.com/title/tt0045793/plotsummary/","From Here to Eternity","1953"
"/title/tt0045943/?ref_=ttls_li_tt","https://www.imdb.com/title/tt0045943/","https://www.imdb.com/title/tt0045943/plotsummary/","Julius Caesar","1953"
"/title/tt0046247/?ref_=ttls_li_tt","https://www.imdb.com/title/tt0046247/","https://www.imdb.com/title/tt0046247/plotsummary/","The Robe","1953"
"/title/tt0046250/?ref_=ttls_li_tt","https://www.imdb.com/title/tt0046250/","https://www.imdb.com/title/tt0046250/plotsummary/","Roman Holiday","1953"
"/title/tt0046303/?ref_=ttls_li_tt","https://www.imdb.com/title/tt0046303/","https://www.imdb.com/title/tt0046303/plotsummary/","Shane","1953"
"/title/tt0044672/?ref_=ttls_li_tt","https://www.imdb.com/title/tt0044672/","https://www.imdb.com/title/tt0044672/plotsummary/","The Greatest Show on Earth","1952"
"/title/tt0044706/?ref_=ttls_li_tt","https://www.imdb.com/title/tt0044706/","https://www.imdb.com/title/tt0044706/plotsummary/","High Noon","1952"
"/title/tt0044760/?ref_=ttls_li_tt","https://www.imdb.com/title/tt0044760/","https://www.imdb.com/title/tt0044760/plotsummary/","Ivanhoe","1952"
"/title/tt0044926/?ref_=ttls_li_tt","https://www.imdb.com/title/tt0044926/","https://www.imdb.com/title/tt0044926/plotsummary/","Moulin Rouge","1952"
"/title/tt0045061/?ref_=ttls_li_tt","https://www.imdb.com/title/tt0045061/","https://www.imdb.com/title/tt0045061/plotsummary/","The Quiet Man","1952"
"/title/tt0043278/?ref_=ttls_li_tt","https://www.imdb.com/title/tt0043278/","https://www.imdb.com/title/tt0043278/plotsummary/","An American in Paris","1951"
"/title/tt0043459/?ref_=ttls_li_tt","https://www.imdb.com/title/tt0043459/","https://www.imdb.com/title/tt0043459/plotsummary/","Decision Before Dawn","1951"
"/title/tt0043924/?ref_=ttls_li_tt","https://www.imdb.com/title/tt0043924/","https://www.imdb.com/title/tt0043924/plotsummary/","A Place in the Sun","1951"
"/title/tt0043949/?ref_=ttls_li_tt","https://www.imdb.com/title/tt0043949/","https://www.imdb.com/title/tt0043949/plotsummary/","Quo Vadis","1951"
"/title/tt0044081/?ref_=ttls_li_tt","https://www.imdb.com/title/tt0044081/","https://www.imdb.com/title/tt0044081/plotsummary/","A Streetcar Named Desire","1951"
"/title/tt0042192/?ref_=ttls_li_tt","https://www.imdb.com/title/tt0042192/","https://www.imdb.com/title/tt0042192/plotsummary/","All About Eve","1950"
"/title/tt0042276/?ref_=ttls_li_tt","https://www.imdb.com/title/tt0042276/","https://www.imdb.com/title/tt0042276/plotsummary/","Born Yesterday","1950"
"/title/tt0042451/?ref_=ttls_li_tt","https://www.imdb.com/title/tt0042451/","https://www.imdb.com/title/tt0042451/plotsummary/","Father of the Bride","1950"
"/title/tt0042646/?ref_=ttls_li_tt","https://www.imdb.com/title/tt0042646/","https://www.imdb.com/title/tt0042646/plotsummary/","King Solomon's Mines","1950"
"/title/tt0043014/?ref_=ttls_li_tt","https://www.imdb.com/title/tt0043014/","https://www.imdb.com/title/tt0043014/plotsummary/","Sunset Blvd.","1950"
"/title/tt0041113/?ref_=ttls_li_tt","https://www.imdb.com/title/tt0041113/","https://www.imdb.com/title/tt0041113/plotsummary/","All the King's Men","1949"
"/title/tt0041163/?ref_=ttls_li_tt","https://www.imdb.com/title/tt0041163/","https://www.imdb.com/title/tt0041163/plotsummary/","Battleground","1949"
"/title/tt0041452/?ref_=ttls_li_tt","https://www.imdb.com/title/tt0041452/","https://www.imdb.com/title/tt0041452/plotsummary/","The Heiress","1949"
"/title/tt0041587/?ref_=ttls_li_tt","https://www.imdb.com/title/tt0041587/","https://www.imdb.com/title/tt0041587/plotsummary/","A Letter to Three Wives","1949"
"/title/tt0041996/?ref_=ttls_li_tt","https://www.imdb.com/title/tt0041996/","https://www.imdb.com/title/tt0041996/plotsummary/","Twelve O'Clock High","1949"
"/title/tt0040416/?ref_=ttls_li_tt","https://www.imdb.com/title/tt0040416/","https://www.imdb.com/title/tt0040416/plotsummary/","Hamlet","1948"
"/title/tt0040495/?ref_=ttls_li_tt","https://www.imdb.com/title/tt0040495/","https://www.imdb.com/title/tt0040495/plotsummary/","Johnny Belinda","1948"
"/title/tt0040725/?ref_=ttls_li_tt","https://www.imdb.com/title/tt0040725/","https://www.imdb.com/title/tt0040725/plotsummary/","The Red Shoes","1948"
"/title/tt0040806/?ref_=ttls_li_tt","https://www.imdb.com/title/tt0040806/","https://www.imdb.com/title/tt0040806/plotsummary/","The Snake Pit","1948"
"/title/tt0040897/?ref_=ttls_li_tt","https://www.imdb.com/title/tt0040897/","https://www.imdb.com/title/tt0040897/plotsummary/","The Treasure of the Sierra Madre","1948"
"/title/tt0039416/?ref_=ttls_li_tt","https://www.imdb.com/title/tt0039416/","https://www.imdb.com/title/tt0039416/plotsummary/","Gentleman's Agreement","1947"
"/title/tt0039190/?ref_=ttls_li_tt","https://www.imdb.com/title/tt0039190/","https://www.imdb.com/title/tt0039190/plotsummary/","The Bishop's Wife","1947"
"/title/tt0039286/?ref_=ttls_li_tt","https://www.imdb.com/title/tt0039286/","https://www.imdb.com/title/tt0039286/plotsummary/","Crossfire","1947"
"/title/tt0038574/?ref_=ttls_li_tt","https://www.imdb.com/title/tt0038574/","https://www.imdb.com/title/tt0038574/plotsummary/","Great Expectations","1946"
"/title/tt0039628/?ref_=ttls_li_tt","https://www.imdb.com/title/tt0039628/","https://www.imdb.com/title/tt0039628/plotsummary/","Miracle on 34th Street","1947"
"/title/tt0036868/?ref_=ttls_li_tt","https://www.imdb.com/title/tt0036868/","https://www.imdb.com/title/tt0036868/plotsummary/","The Best Years of Our Lives","1946"
"/title/tt0036910/?ref_=ttls_li_tt","https://www.imdb.com/title/tt0036910/","https://www.imdb.com/title/tt0036910/plotsummary/","The Chronicle History of King Henry the Fift with His Battell Fought at Agincourt in France","1944"
"/title/tt0038650/?ref_=ttls_li_tt","https://www.imdb.com/title/tt0038650/","https://www.imdb.com/title/tt0038650/plotsummary/","It's a Wonderful Life","1946"
"/title/tt0038873/?ref_=ttls_li_tt","https://www.imdb.com/title/tt0038873/","https://www.imdb.com/title/tt0038873/plotsummary/","The Razor's Edge","1946"
"/title/tt0039111/?ref_=ttls_li_tt","https://www.imdb.com/title/tt0039111/","https://www.imdb.com/title/tt0039111/plotsummary/","The Yearling","1946"
"/title/tt0037884/?ref_=ttls_li_tt","https://www.imdb.com/title/tt0037884/","https://www.imdb.com/title/tt0037884/plotsummary/","The Lost Weekend","1945"
"/title/tt0037514/?ref_=ttls_li_tt","https://www.imdb.com/title/tt0037514/","https://www.imdb.com/title/tt0037514/plotsummary/","Anchors Aweigh","1945"
"/title/tt0037536/?ref_=ttls_li_tt","https://www.imdb.com/title/tt0037536/","https://www.imdb.com/title/tt0037536/plotsummary/","The Bells of St. Mary's","1945"
"/title/tt0037913/?ref_=ttls_li_tt","https://www.imdb.com/title/tt0037913/","https://www.imdb.com/title/tt0037913/plotsummary/","Mildred Pierce","1945"
"/title/tt0038109/?ref_=ttls_li_tt","https://www.imdb.com/title/tt0038109/","https://www.imdb.com/title/tt0038109/plotsummary/","Spellbound","1945"
"/title/tt0036872/?ref_=ttls_li_tt","https://www.imdb.com/title/tt0036872/","https://www.imdb.com/title/tt0036872/plotsummary/","Going My Way","1944"
"/title/tt0036775/?ref_=ttls_li_tt","https://www.imdb.com/title/tt0036775/","https://www.imdb.com/title/tt0036775/plotsummary/","Double Indemnity","1944"
"/title/tt0036855/?ref_=ttls_li_tt","https://www.imdb.com/title/tt0036855/","https://www.imdb.com/title/tt0036855/plotsummary/","Gaslight","1944"
"/title/tt0037280/?ref_=ttls_li_tt","https://www.imdb.com/title/tt0037280/","https://www.imdb.com/title/tt0037280/plotsummary/","Since You Went Away","1944"
"/title/tt0037465/?ref_=ttls_li_tt","https://www.imdb.com/title/tt0037465/","https://www.imdb.com/title/tt0037465/plotsummary/","Wilson","1944"
"/title/tt0034583/?ref_=ttls_li_tt","https://www.imdb.com/title/tt0034583/","https://www.imdb.com/title/tt0034583/plotsummary/","Casablanca","1942"
"/title/tt0035896/?ref_=ttls_li_tt","https://www.imdb.com/title/tt0035896/","https://www.imdb.com/title/tt0035896/plotsummary/","For Whom the Bell Tolls","1943"
"/title/tt0035979/?ref_=ttls_li_tt","https://www.imdb.com/title/tt0035979/","https://www.imdb.com/title/tt0035979/plotsummary/","Heaven Can Wait","1943"
"/title/tt0036022/?ref_=ttls_li_tt","https://www.imdb.com/title/tt0036022/","https://www.imdb.com/title/tt0036022/plotsummary/","The Human Comedy","1943"
"/title/tt0034891/?ref_=ttls_li_tt","https://www.imdb.com/title/tt0034891/","https://www.imdb.com/title/tt0034891/plotsummary/","In Which We Serve","1942"
"/title/tt0036126/?ref_=ttls_li_tt","https://www.imdb.com/title/tt0036126/","https://www.imdb.com/title/tt0036126/plotsummary/","Madame Curie","1943"
"/title/tt0036172/?ref_=ttls_li_tt","https://www.imdb.com/title/tt0036172/","https://www.imdb.com/title/tt0036172/plotsummary/","The More the Merrier","1943"
"/title/tt0036244/?ref_=ttls_li_tt","https://www.imdb.com/title/tt0036244/","https://www.imdb.com/title/tt0036244/plotsummary/","The Ox-Bow Incident","1942"
"/title/tt0036377/?ref_=ttls_li_tt","https://www.imdb.com/title/tt0036377/","https://www.imdb.com/title/tt0036377/plotsummary/","The Song of Bernadette","1943"
"/title/tt0036515/?ref_=ttls_li_tt","https://www.imdb.com/title/tt0036515/","https://www.imdb.com/title/tt0036515/plotsummary/","Watch on the Rhine","1943"
"/title/tt0035093/?ref_=ttls_li_tt","https://www.imdb.com/title/tt0035093/","https://www.imdb.com/title/tt0035093/plotsummary/","Mrs. Miniver","1942"
"/title/tt0033627/?ref_=ttls_li_tt","https://www.imdb.com/title/tt0033627/","https://www.imdb.com/title/tt0033627/plotsummary/","49th Parallel","1941"
"/title/tt0034946/?ref_=ttls_li_tt","https://www.imdb.com/title/tt0034946/","https://www.imdb.com/title/tt0034946/plotsummary/","Kings Row","1942"
"/title/tt0035015/?ref_=ttls_li_tt","https://www.imdb.com/title/tt0035015/","https://www.imdb.com/title/tt0035015/plotsummary/","The Magnificent Ambersons","1942"
"/title/tt0035189/?ref_=ttls_li_tt","https://www.imdb.com/title/tt0035189/","https://www.imdb.com/title/tt0035189/plotsummary/","The Pied Piper","1942"
"/title/tt0035211/?ref_=ttls_li_tt","https://www.imdb.com/title/tt0035211/","https://www.imdb.com/title/tt0035211/plotsummary/","The Pride of the Yankees","1942"
"/title/tt0035238/?ref_=ttls_li_tt","https://www.imdb.com/title/tt0035238/","https://www.imdb.com/title/tt0035238/plotsummary/","Random Harvest","1942"
"/title/tt0035417/?ref_=ttls_li_tt","https://www.imdb.com/title/tt0035417/","https://www.imdb.com/title/tt0035417/plotsummary/","The Talk of the Town","1942"
"/title/tt0035530/?ref_=ttls_li_tt","https://www.imdb.com/title/tt0035530/","https://www.imdb.com/title/tt0035530/plotsummary/","Wake Island","1942"
"/title/tt0035575/?ref_=ttls_li_tt","https://www.imdb.com/title/tt0035575/","https://www.imdb.com/title/tt0035575/plotsummary/","Yankee Doodle Dandy","1942"
"/title/tt0033729/?ref_=ttls_li_tt","https://www.imdb.com/title/tt0033729/","https://www.imdb.com/title/tt0033729/plotsummary/","How Green Was My Valley","1941"
"/title/tt0033407/?ref_=ttls_li_tt","https://www.imdb.com/title/tt0033407/","https://www.imdb.com/title/tt0033407/plotsummary/","Blossoms in the Dust","1941"
"/title/tt0033467/?ref_=ttls_li_tt","https://www.imdb.com/title/tt0033467/","https://www.imdb.com/title/tt0033467/plotsummary/","Citizen Kane","1941"
"/title/tt0033712/?ref_=ttls_li_tt","https://www.imdb.com/title/tt0033712/","https://www.imdb.com/title/tt0033712/plotsummary/","Here Comes Mr. Jordan","1941"
"/title/tt0033722/?ref_=ttls_li_tt","https://www.imdb.com/title/tt0033722/","https://www.imdb.com/title/tt0033722/plotsummary/","Hold Back the Dawn","1941"
"/title/tt0033836/?ref_=ttls_li_tt","https://www.imdb.com/title/tt0033836/","https://www.imdb.com/title/tt0033836/plotsummary/","The Little Foxes","1941"
"/title/tt0033870/?ref_=ttls_li_tt","https://www.imdb.com/title/tt0033870/","https://www.imdb.com/title/tt0033870/plotsummary/","The Maltese Falcon","1941"
"/title/tt0033980/?ref_=ttls_li_tt","https://www.imdb.com/title/tt0033980/","https://www.imdb.com/title/tt0033980/plotsummary/","One Foot in Heaven","1941"
"/title/tt0034167/?ref_=ttls_li_tt","https://www.imdb.com/title/tt0034167/","https://www.imdb.com/title/tt0034167/plotsummary/","Sergeant York","1941"
"/title/tt0034248/?ref_=ttls_li_tt","https://www.imdb.com/title/tt0034248/","https://www.imdb.com/title/tt0034248/plotsummary/","Suspicion","1941"
"/title/tt0032976/?ref_=ttls_li_tt","https://www.imdb.com/title/tt0032976/","https://www.imdb.com/title/tt0032976/plotsummary/","Rebecca","1940"
"/title/tt0032194/?ref_=ttls_li_tt","https://www.imdb.com/title/tt0032194/","https://www.imdb.com/title/tt0032194/plotsummary/","All This, and Heaven Too","1940"
"/title/tt0032484/?ref_=ttls_li_tt","https://www.imdb.com/title/tt0032484/","https://www.imdb.com/title/tt0032484/plotsummary/","Foreign Correspondent","1940"
"/title/tt0032551/?ref_=ttls_li_tt","https://www.imdb.com/title/tt0032551/","https://www.imdb.com/title/tt0032551/plotsummary/","The Grapes of Wrath","1940"
"/title/tt0032553/?ref_=ttls_li_tt","https://www.imdb.com/title/tt0032553/","https://www.imdb.com/title/tt0032553/plotsummary/","The Great Dictator","1940"
"/title/tt0032671/?ref_=ttls_li_tt","https://www.imdb.com/title/tt0032671/","https://www.imdb.com/title/tt0032671/plotsummary/","Kitty Foyle","1940"
"/title/tt0032701/?ref_=ttls_li_tt","https://www.imdb.com/title/tt0032701/","https://www.imdb.com/title/tt0032701/plotsummary/","The Letter","1940"
"/title/tt0032728/?ref_=ttls_li_tt","https://www.imdb.com/title/tt0032728/","https://www.imdb.com/title/tt0032728/plotsummary/","The Long Voyage Home","1940"
"/title/tt0032881/?ref_=ttls_li_tt","https://www.imdb.com/title/tt0032881/","https://www.imdb.com/title/tt0032881/plotsummary/","Our Town","1940"
"/title/tt0032904/?ref_=ttls_li_tt","https://www.imdb.com/title/tt0032904/","https://www.imdb.com/title/tt0032904/plotsummary/","The Philadelphia Story","1940"
"/title/tt0031381/?ref_=ttls_li_tt","https://www.imdb.com/title/tt0031381/","https://www.imdb.com/title/tt0031381/plotsummary/","Gone with the Wind","1939"
"/title/tt0031210/?ref_=ttls_li_tt","https://www.imdb.com/title/tt0031210/","https://www.imdb.com/title/tt0031210/plotsummary/","Dark Victory","1939"
"/title/tt0031385/?ref_=ttls_li_tt","https://www.imdb.com/title/tt0031385/","https://www.imdb.com/title/tt0031385/plotsummary/","Goodbye, Mr. Chips","1939"
"/title/tt0031593/?ref_=ttls_li_tt","https://www.imdb.com/title/tt0031593/","https://www.imdb.com/title/tt0031593/plotsummary/","Love Affair","1939"
"/title/tt0031679/?ref_=ttls_li_tt","https://www.imdb.com/title/tt0031679/","https://www.imdb.com/title/tt0031679/plotsummary/","Mr. Smith Goes to Washington","1939"
"/title/tt0031725/?ref_=ttls_li_tt","https://www.imdb.com/title/tt0031725/","https://www.imdb.com/title/tt0031725/plotsummary/","Ninotchka","1939"
"/title/tt0031742/?ref_=ttls_li_tt","https://www.imdb.com/title/tt0031742/","https://www.imdb.com/title/tt0031742/plotsummary/","Of Mice and Men","1939"
"/title/tt0031971/?ref_=ttls_li_tt","https://www.imdb.com/title/tt0031971/","https://www.imdb.com/title/tt0031971/plotsummary/","Stagecoach","1939"
"/title/tt0032138/?ref_=ttls_li_tt","https://www.imdb.com/title/tt0032138/","https://www.imdb.com/title/tt0032138/plotsummary/","The Wizard of Oz","1939"
"/title/tt0032145/?ref_=ttls_li_tt","https://www.imdb.com/title/tt0032145/","https://www.imdb.com/title/tt0032145/plotsummary/","Wuthering Heights","1939"
